<?xml version="1.0" encoding="UTF-8"?>
<project-private xmlns="http://www.netbeans.org/ns/project-private/1">
    <editor-bookmarks xmlns="http://www.netbeans.org/ns/editor-bookmarks/2" lastBookmarkId="0"/>
    <open-files xmlns="http://www.netbeans.org/ns/projectui-open-files/2">
        <group>
            <file>file:/C:/Users/User/Desktop/CSE310/Employee_Management_System/src/javaconnect.java</file>
            <file>file:/C:/Users/User/Desktop/CSE310/Employee_Management_System/src/Login.java</file>
            <file>file:/C:/Users/User/Desktop/CSE310/Employee_Management_System/src/EHome.java</file>
            <file>file:/C:/Users/User/Desktop/CSE310/Employee_Management_System/src/Home.java</file>
            <file>file:/C:/Users/User/Desktop/CSE310/Employee_Management_System/src/Loading.java</file>
        </group>
    </open-files>
</project-private>
